{"cameraMode":{"drawMode":0,"name":"Shaded","section":"Shading Mode"},"sceneLighting":false,"audioPlay":false,"sceneViewState":{"showFog":true,"showMaterialUpdate":false,"showSkybox":false,"showFlares":true,"showImageEffects":true,"showParticleSystems":true},"in2DMode":false,"pivot":{"x":15.285269737243653,"y":1.1057426929473878,"z":1.4413031339645386},"rotation":{"x":0.15180739760398866,"y":0.007412671111524105,"z":-0.0011396014597266913,"w":0.9883816242218018},"size":11.146023750305176,"orthographic":true}