{"cameraMode":{"drawMode":0,"name":"Shaded","section":"Shading Mode"},"sceneLighting":false,"audioPlay":false,"sceneViewState":{"showFog":true,"showMaterialUpdate":false,"showSkybox":false,"showFlares":true,"showImageEffects":true,"showParticleSystems":true},"in2DMode":false,"pivot":{"x":-10.861459732055664,"y":-3.4780588150024416,"z":40.349609375},"rotation":{"x":0.07879188656806946,"y":0.025415776297450067,"z":-0.002010120078921318,"w":0.996565043926239},"size":29.125953674316408,"orthographic":false}