{"cameraMode":{"drawMode":0,"name":"Shaded","section":"Shading Mode"},"sceneLighting":false,"audioPlay":false,"sceneViewState":{"showFog":true,"showMaterialUpdate":false,"showSkybox":false,"showFlares":true,"showImageEffects":true,"showParticleSystems":true},"in2DMode":false,"pivot":{"x":26.033287048339845,"y":-1.8816776275634766,"z":21.978778839111329},"rotation":{"x":-0.10109345614910126,"y":-0.7912405729293823,"z":0.13614748418331147,"w":-0.5875222682952881},"size":25.206912994384767,"orthographic":false}