{"cameraMode":{"drawMode":0,"name":"Shaded","section":"Shading Mode"},"sceneLighting":true,"audioPlay":false,"sceneViewState":{"showFog":true,"showMaterialUpdate":false,"showSkybox":true,"showFlares":true,"showImageEffects":true,"showParticleSystems":true},"in2DMode":false,"pivot":{"x":-4.448432445526123,"y":7.389225959777832,"z":-12.62951374053955},"rotation":{"x":0.2820171117782593,"y":0.005756002850830555,"z":-0.0016927255783230067,"w":0.9593906402587891},"size":50.7729377746582,"orthographic":true}